<ImportExportXml version="9.2.24053.144" SolutionPackageVersion="9.2" languagecode="3082" generatedBy="CrmLive" xmlns:xsi="http://www.w3.org/2001/XMLSchema-instance">
  <SolutionManifest>
    <UniqueName>SegurosCasoDeUso</UniqueName>
    <LocalizedNames>
      <LocalizedName description="Seguros" languagecode="3082" />
    </LocalizedNames>
    <Descriptions />
    <Version>1.0.0.4</Version>
    <Managed>0</Managed>
    <Publisher>
      <UniqueName>InetumEsp</UniqueName>
      <LocalizedNames>
        <LocalizedName description="InetumEsp" languagecode="3082" />
      </LocalizedNames>
      <Descriptions>
        <Description description="Lorem ipsum" languagecode="3082" />
      </Descriptions>
      <EMailAddress xsi:nil="true"></EMailAddress>
      <SupportingWebsiteUrl xsi:nil="true"></SupportingWebsiteUrl>
      <CustomizationPrefix>ine</CustomizationPrefix>
      <CustomizationOptionValuePrefix>82640</CustomizationOptionValuePrefix>
      <Addresses>
        <Address>
          <AddressNumber>1</AddressNumber>
          <AddressTypeCode>1</AddressTypeCode>
          <City xsi:nil="true"></City>
          <County xsi:nil="true"></County>
          <Country xsi:nil="true"></Country>
          <Fax xsi:nil="true"></Fax>
          <FreightTermsCode xsi:nil="true"></FreightTermsCode>
          <ImportSequenceNumber xsi:nil="true"></ImportSequenceNumber>
          <Latitude xsi:nil="true"></Latitude>
          <Line1 xsi:nil="true"></Line1>
          <Line2 xsi:nil="true"></Line2>
          <Line3 xsi:nil="true"></Line3>
          <Longitude xsi:nil="true"></Longitude>
          <Name xsi:nil="true"></Name>
          <PostalCode xsi:nil="true"></PostalCode>
          <PostOfficeBox xsi:nil="true"></PostOfficeBox>
          <PrimaryContactName xsi:nil="true"></PrimaryContactName>
          <ShippingMethodCode>1</ShippingMethodCode>
          <StateOrProvince xsi:nil="true"></StateOrProvince>
          <Telephone1 xsi:nil="true"></Telephone1>
          <Telephone2 xsi:nil="true"></Telephone2>
          <Telephone3 xsi:nil="true"></Telephone3>
          <TimeZoneRuleVersionNumber xsi:nil="true"></TimeZoneRuleVersionNumber>
          <UPSZone xsi:nil="true"></UPSZone>
          <UTCOffset xsi:nil="true"></UTCOffset>
          <UTCConversionTimeZoneCode xsi:nil="true"></UTCConversionTimeZoneCode>
        </Address>
        <Address>
          <AddressNumber>2</AddressNumber>
          <AddressTypeCode>1</AddressTypeCode>
          <City xsi:nil="true"></City>
          <County xsi:nil="true"></County>
          <Country xsi:nil="true"></Country>
          <Fax xsi:nil="true"></Fax>
          <FreightTermsCode xsi:nil="true"></FreightTermsCode>
          <ImportSequenceNumber xsi:nil="true"></ImportSequenceNumber>
          <Latitude xsi:nil="true"></Latitude>
          <Line1 xsi:nil="true"></Line1>
          <Line2 xsi:nil="true"></Line2>
          <Line3 xsi:nil="true"></Line3>
          <Longitude xsi:nil="true"></Longitude>
          <Name xsi:nil="true"></Name>
          <PostalCode xsi:nil="true"></PostalCode>
          <PostOfficeBox xsi:nil="true"></PostOfficeBox>
          <PrimaryContactName xsi:nil="true"></PrimaryContactName>
          <ShippingMethodCode>1</ShippingMethodCode>
          <StateOrProvince xsi:nil="true"></StateOrProvince>
          <Telephone1 xsi:nil="true"></Telephone1>
          <Telephone2 xsi:nil="true"></Telephone2>
          <Telephone3 xsi:nil="true"></Telephone3>
          <TimeZoneRuleVersionNumber xsi:nil="true"></TimeZoneRuleVersionNumber>
          <UPSZone xsi:nil="true"></UPSZone>
          <UTCOffset xsi:nil="true"></UTCOffset>
          <UTCConversionTimeZoneCode xsi:nil="true"></UTCConversionTimeZoneCode>
        </Address>
      </Addresses>
    </Publisher>
    <RootComponents>
      <RootComponent type="1" schemaName="ine_caso" behavior="0" />
      <RootComponent type="1" schemaName="ine_empleado" behavior="0" />
      <RootComponent type="1" schemaName="ine_equivalencia" behavior="0" />
      <RootComponent type="1" schemaName="ine_historicodecasos" behavior="0" />
      <RootComponent type="1" schemaName="ine_usuario" behavior="0" />
      <RootComponent type="9" schemaName="ine_estados" behavior="0" />
      <RootComponent type="29" id="{2791f9dc-d502-ef11-9f89-000d3a3224ff}" behavior="0" />
      <RootComponent type="29" id="{eefed80f-4bfe-ee11-9f89-6045bd6ed600}" behavior="0" />
      <RootComponent type="62" schemaName="ine_AddImage" behavior="0" />
      <RootComponent type="80" schemaName="ine_AddImage" behavior="0" />
      <RootComponent type="300" schemaName="ine_seguros_1cf1f" behavior="0" />
      <RootComponent type="401" id="{ecb0a7fa-9cb2-438c-a992-440c4fe099d9}" behavior="0" />
      <RootComponent type="431" schemaName="ine_caso ine_imagen" behavior="0" />
      <RootComponent type="432" schemaName="ine_caso" behavior="0" />
    </RootComponents>
    <MissingDependencies>
      <MissingDependency>
        <Required type="1" schemaName="msdyn_aiconfiguration" displayName="AI Configuration" solution="msdyn_AISolution (202404.3.9.1)">
          <package>msdyn_AISolutionAnchor (202404.3.9.1)</package>
        </Required>
        <Dependent type="300" schemaName="ine_seguros_1cf1f" displayName="Seguros" />
      </MissingDependency>
      <MissingDependency>
        <Required type="1" schemaName="msdyn_aimodel" displayName="AI Model" solution="msdyn_AISolution (202404.3.9.1)">
          <package>msdyn_AISolutionAnchor (202404.3.9.1)</package>
        </Required>
        <Dependent type="300" schemaName="ine_seguros_1cf1f" displayName="Seguros" />
      </MissingDependency>
      <MissingDependency>
        <Required type="1" schemaName="msdyn_aiodlabel" displayName="AI Object Detection Label" solution="msdyn_AISolutionDeprecatedTemplates (202404.3.9.1)">
          <package>msdyn_AISolutionAnchor (202404.3.9.1)</package>
        </Required>
        <Dependent type="300" schemaName="ine_seguros_1cf1f" displayName="Seguros" />
      </MissingDependency>
      <MissingDependency>
        <Required type="61" schemaName="msdyn_/Images/AppModule_Default_Icon.png" displayName="msdyn_/Images/AppModule_Default_Icon.png" solution="AppModuleWebResources (2.5)" />
        <Dependent type="80" schemaName="ine_AddImage" displayName="AddImage" />
      </MissingDependency>
      <MissingDependency>
        <Required type="90" schemaName="Microsoft.Dynamics.AI.Plugins.CustomApis.AIPluginPredict, Microsoft.Dynamics.AI.Plugins, Version=1.0.0.0, Culture=neutral, PublicKeyToken=31bf3856ad364e35" displayName="Microsoft.Dynamics.AI.Plugins.CustomApis.AIPluginPredict" solution="msdyn_AISolution (202404.3.9.1)" id="{727e8789-bd29-46fa-b00a-3a49605eeb06}">
          <package>msdyn_AISolutionAnchor (202404.3.9.1)</package>
        </Required>
        <Dependent type="CustomAPI" displayName="msdyn_aibdptpruebaflowchatgptecb0a7fa9cb2438ca992440c4fe099d9" id.uniquename="msdyn_aibdptpruebaflowchatgptecb0a7fa9cb2438ca992440c4fe099d9" />
      </MissingDependency>
      <MissingDependency>
        <Required type="connectionreference" displayName="new_sharedoffice365_f6f82" solution="Active" id.connectionreferencelogicalname="new_sharedoffice365_f6f82" />
        <Dependent type="29" displayName="Enviar un correo electrónico" id="{2791f9dc-d502-ef11-9f89-000d3a3224ff}" />
      </MissingDependency>
      <MissingDependency>
        <Required type="SettingDefinition" displayName="AppChannel" solution="msdyn_AppFrameworkInfraExtensions (1.0.0.10)" id.uniquename="AppChannel" />
        <Dependent type="AppSetting" displayName="parentappmoduleid.uniquename=ine_AddImage,settingdefinitionid.uniquename=AppChannel" id.parentappmoduleid.uniquename="ine_AddImage" id.settingdefinitionid.uniquename="AppChannel" />
      </MissingDependency>
    </MissingDependencies>
  </SolutionManifest>
</ImportExportXml>