{
  "properties": {
    "connectionReferences": {
      "shared_commondataserviceforapps": {
        "runtimeSource": "embedded",
        "connection": {
          "connectionReferenceLogicalName": "ine_sharedcommondataserviceforapps_72cf8"
        },
        "api": {
          "name": "shared_commondataserviceforapps"
        }
      }
    },
    "definition": {
      "$schema": "https://schema.management.azure.com/providers/Microsoft.Logic/schemas/2016-06-01/workflowdefinition.json#",
      "contentVersion": "1.0.0.0",
      "parameters": {
        "$connections": {
          "defaultValue": {},
          "type": "Object"
        },
        "$authentication": {
          "defaultValue": {},
          "type": "SecureObject"
        }
      },
      "triggers": {
        "manual": {
          "metadata": {
            "operationMetadataId": "34b67a67-95a5-43a2-88a5-41a18c645deb"
          },
          "type": "Request",
          "kind": "PowerAppV2",
          "inputs": {
            "schema": {
              "type": "object",
              "properties": {
                "text": {
                  "description": "Escribe tu problema...",
                  "title": "Problema",
                  "type": "string",
                  "x-ms-content-hint": "TEXT",
                  "x-ms-dynamically-added": true
                }
              },
              "required": [
                "text"
              ]
            }
          }
        }
      },
      "actions": {
        "Crear_texto_con_GPT_mediante_una_solicitud": {
          "runAfter": {},
          "metadata": {
            "operationMetadataId": "80ebf5ae-81e4-4e08-88a2-0da185b8af12",
            "flowSystemMetadata": {
              "portalOperationId": "aibuilderpredict_customprompt",
              "portalOperationGroup": "aibuilder",
              "portalOperationApiDisplayNameOverride": "AI Builder",
              "portalOperationIconOverride": "https://content.powerapps.com/resource/makerx/static/pauto/images/designeroperations/aiBuilderNew.51dbdb6b.png",
              "portalOperationBrandColorOverride": "#0A76C4",
              "portalOperationApiTierOverride": "Standard"
            }
          },
          "type": "OpenApiConnection",
          "inputs": {
            "host": {
              "connectionName": "shared_commondataserviceforapps",
              "operationId": "aibuilderpredict_customprompt",
              "apiId": "/providers/Microsoft.PowerApps/apis/shared_commondataserviceforapps"
            },
            "parameters": {
              "recordId": "ecb0a7fa-9cb2-438c-a992-440c4fe099d9",
              "item/requestv2/El_e9ctrico_20o_20Electr_f3nico": "@triggerBody()?['text']"
            },
            "authentication": "@parameters('$authentication')"
          }
        },
        "Respuesta": {
          "runAfter": {
            "Crear_texto_con_GPT_mediante_una_solicitud": [
              "Succeeded"
            ]
          },
          "metadata": {
            "operationMetadataId": "cd1167d7-861c-4dde-9104-2af610ada1f2"
          },
          "type": "Response",
          "kind": "Http",
          "inputs": {
            "statusCode": 200,
            "body": "@body('Crear_texto_con_GPT_mediante_una_solicitud')",
            "schema": {
              "type": "object",
              "properties": {
                "@@odata.context": {
                  "type": "string"
                },
                "responsev2": {
                  "type": "object",
                  "properties": {
                    "@@odata.type": {
                      "type": "string"
                    },
                    "operationStatus": {
                      "type": "string"
                    },
                    "predictionId": {
                      "type": "string"
                    },
                    "predictionOutput": {
                      "type": "object",
                      "properties": {
                        "@@odata.type": {
                          "type": "string"
                        },
                        "text": {
                          "type": "string"
                        },
                        "finishReason": {
                          "type": "string"
                        },
                        "totalTokens": {
                          "type": "integer"
                        }
                      }
                    }
                  }
                }
              }
            }
          }
        }
      }
    },
    "templateName": ""
  },
  "schemaVersion": "1.0.0.0"
}